Type,Name,Request Count,Failure Count,Median Response Time,Average Response Time,Min Response Time,Max Response Time,Average Content Size,Requests/s,Failures/s,50%,66%,75%,80%,90%,95%,98%,99%,99.9%,99.99%,100%
GET,/category,1,1,4.5919110416434705,4.5919110416434705,4.5919110416434705,4.5919110416434705,0.0,0.02935473937984678,0.02935473937984678,5,5,5,5,5,5,5,5,5,5,5
,Aggregated,1,1,4.5919110416434705,4.5919110416434705,4.5919110416434705,4.5919110416434705,0.0,0.02935473937984678,0.02935473937984678,5,5,5,5,5,5,5,5,5,5,5
